row_id,filename,end_sec,site,hour_utc,source,epoch,fold,source_best_epoch,raw_confidence
BC2026_Train_0004_S08_20250607_070007_5,BC2026_Train_0004_S08_20250607_070007.ogg,5,S08,7,soundscape,2,0,2,0.8030506
BC2026_Train_0004_S08_20250607_070007_10,BC2026_Train_0004_S08_20250607_070007.ogg,10,S08,7,soundscape,2,0,2,0.86144364
BC2026_Train_0004_S08_20250607_070007_15,BC2026_Train_0004_S08_20250607_070007.ogg,15,S08,7,soundscape,2,0,2,0.8790524
BC2026_Train_0004_S08_20250607_070007_20,BC2026_Train_0004_S08_20250607_070007.ogg,20,S08,7,soundscape,2,0,2,0.7896747
BC2026_Train_0004_S08_20250607_070007_25,BC2026_Train_0004_S08_20250607_070007.ogg,25,S08,7,soundscape,2,0,2,0.686491
BC2026_Train_0004_S08_20250607_070007_30,BC2026_Train_0004_S08_20250607_070007.ogg,30,S08,7,soundscape,2,0,2,0.838125
BC2026_Train_0004_S08_20250607_070007_35,BC2026_Train_0004_S08_20250607_070007.ogg,35,S08,7,soundscape,2,0,2,0.8682912
BC2026_Train_0004_S08_20250607_070007_40,BC2026_Train_0004_S08_20250607_070007.ogg,40,S08,7,soundscape,2,0,2,0.85692495
BC2026_Train_0004_S08_20250607_070007_45,BC2026_Train_0004_S08_20250607_070007.ogg,45,S08,7,soundscape,2,0,2,0.81603307
BC2026_Train_0004_S08_20250607_070007_50,BC2026_Train_0004_S08_20250607_070007.ogg,50,S08,7,soundscape,2,0,2,0.8379443
BC2026_Train_0004_S08_20250607_070007_55,BC2026_Train_0004_S08_20250607_070007.ogg,55,S08,7,soundscape,2,0,2,0.77907604
BC2026_Train_0004_S08_20250607_070007_60,BC2026_Train_0004_S08_20250607_070007.ogg,60,S08,7,soundscape,2,0,2,0.7544199
BC2026_Train_0014_S13_20220228_214500_5,BC2026_Train_0014_S13_20220228_214500.ogg,5,S13,21,soundscape,2,0,2,0.6547661
BC2026_Train_0014_S13_20220228_214500_10,BC2026_Train_0014_S13_20220228_214500.ogg,10,S13,21,soundscape,2,0,2,0.7698608
BC2026_Train_0014_S13_20220228_214500_15,BC2026_Train_0014_S13_20220228_214500.ogg,15,S13,21,soundscape,2,0,2,0.6904416
BC2026_Train_0014_S13_20220228_214500_20,BC2026_Train_0014_S13_20220228_214500.ogg,20,S13,21,soundscape,2,0,2,0.6561255
BC2026_Train_0014_S13_20220228_214500_25,BC2026_Train_0014_S13_20220228_214500.ogg,25,S13,21,soundscape,2,0,2,0.56054324
BC2026_Train_0014_S13_20220228_214500_30,BC2026_Train_0014_S13_20220228_214500.ogg,30,S13,21,soundscape,2,0,2,0.36205637
BC2026_Train_0014_S13_20220228_214500_35,BC2026_Train_0014_S13_20220228_214500.ogg,35,S13,21,soundscape,2,0,2,0.2248701
BC2026_Train_0014_S13_20220228_214500_40,BC2026_Train_0014_S13_20220228_214500.ogg,40,S13,21,soundscape,2,0,2,0.49117666
BC2026_Train_0014_S13_20220228_214500_45,BC2026_Train_0014_S13_20220228_214500.ogg,45,S13,21,soundscape,2,0,2,0.36811018
BC2026_Train_0014_S13_20220228_214500_50,BC2026_Train_0014_S13_20220228_214500.ogg,50,S13,21,soundscape,2,0,2,0.36578655
BC2026_Train_0014_S13_20220228_214500_55,BC2026_Train_0014_S13_20220228_214500.ogg,55,S13,21,soundscape,2,0,2,0.33350918
BC2026_Train_0014_S13_20220228_214500_60,BC2026_Train_0014_S13_20220228_214500.ogg,60,S13,21,soundscape,2,0,2,0.48955944
BC2026_Train_0025_S22_20211127_024500_5,BC2026_Train_0025_S22_20211127_024500.ogg,5,S22,2,soundscape,2,0,2,0.8800242
BC2026_Train_0025_S22_20211127_024500_10,BC2026_Train_0025_S22_20211127_024500.ogg,10,S22,2,soundscape,2,0,2,0.9026909
BC2026_Train_0025_S22_20211127_024500_15,BC2026_Train_0025_S22_20211127_024500.ogg,15,S22,2,soundscape,2,0,2,0.88289243
BC2026_Train_0025_S22_20211127_024500_20,BC2026_Train_0025_S22_20211127_024500.ogg,20,S22,2,soundscape,2,0,2,0.8909451
BC2026_Train_0025_S22_20211127_024500_25,BC2026_Train_0025_S22_20211127_024500.ogg,25,S22,2,soundscape,2,0,2,0.9028614
BC2026_Train_0025_S22_20211127_024500_30,BC2026_Train_0025_S22_20211127_024500.ogg,30,S22,2,soundscape,2,0,2,0.85586435
BC2026_Train_0025_S22_20211127_024500_35,BC2026_Train_0025_S22_20211127_024500.ogg,35,S22,2,soundscape,2,0,2,0.88041556
BC2026_Train_0025_S22_20211127_024500_40,BC2026_Train_0025_S22_20211127_024500.ogg,40,S22,2,soundscape,2,0,2,0.8922222
BC2026_Train_0025_S22_20211127_024500_45,BC2026_Train_0025_S22_20211127_024500.ogg,45,S22,2,soundscape,2,0,2,0.8969063
BC2026_Train_0025_S22_20211127_024500_50,BC2026_Train_0025_S22_20211127_024500.ogg,50,S22,2,soundscape,2,0,2,0.88612914
BC2026_Train_0025_S22_20211127_024500_55,BC2026_Train_0025_S22_20211127_024500.ogg,55,S22,2,soundscape,2,0,2,0.87791735
BC2026_Train_0025_S22_20211127_024500_60,BC2026_Train_0025_S22_20211127_024500.ogg,60,S22,2,soundscape,2,0,2,0.8654359
BC2026_Train_0031_S22_20211214_204500_5,BC2026_Train_0031_S22_20211214_204500.ogg,5,S22,20,soundscape,2,0,2,0.8236507
BC2026_Train_0031_S22_20211214_204500_10,BC2026_Train_0031_S22_20211214_204500.ogg,10,S22,20,soundscape,2,0,2,0.6785645
BC2026_Train_0031_S22_20211214_204500_15,BC2026_Train_0031_S22_20211214_204500.ogg,15,S22,20,soundscape,2,0,2,0.66358984
BC2026_Train_0031_S22_20211214_204500_20,BC2026_Train_0031_S22_20211214_204500.ogg,20,S22,20,soundscape,2,0,2,0.6692085
BC2026_Train_0031_S22_20211214_204500_25,BC2026_Train_0031_S22_20211214_204500.ogg,25,S22,20,soundscape,2,0,2,0.7497291
BC2026_Train_0031_S22_20211214_204500_30,BC2026_Train_0031_S22_20211214_204500.ogg,30,S22,20,soundscape,2,0,2,0.7497418
BC2026_Train_0031_S22_20211214_204500_35,BC2026_Train_0031_S22_20211214_204500.ogg,35,S22,20,soundscape,2,0,2,0.730681
BC2026_Train_0031_S22_20211214_204500_40,BC2026_Train_0031_S22_20211214_204500.ogg,40,S22,20,soundscape,2,0,2,0.7644979
BC2026_Train_0031_S22_20211214_204500_45,BC2026_Train_0031_S22_20211214_204500.ogg,45,S22,20,soundscape,2,0,2,0.7469542
BC2026_Train_0031_S22_20211214_204500_50,BC2026_Train_0031_S22_20211214_204500.ogg,50,S22,20,soundscape,2,0,2,0.7545731
BC2026_Train_0031_S22_20211214_204500_55,BC2026_Train_0031_S22_20211214_204500.ogg,55,S22,20,soundscape,2,0,2,0.69608384
BC2026_Train_0031_S22_20211214_204500_60,BC2026_Train_0031_S22_20211214_204500.ogg,60,S22,20,soundscape,2,0,2,0.71781594
BC2026_Train_0036_S22_20211224_234500_5,BC2026_Train_0036_S22_20211224_234500.ogg,5,S22,23,soundscape,2,0,2,0.9852643
BC2026_Train_0036_S22_20211224_234500_10,BC2026_Train_0036_S22_20211224_234500.ogg,10,S22,23,soundscape,2,0,2,0.9915906
BC2026_Train_0036_S22_20211224_234500_15,BC2026_Train_0036_S22_20211224_234500.ogg,15,S22,23,soundscape,2,0,2,0.9881097
BC2026_Train_0036_S22_20211224_234500_20,BC2026_Train_0036_S22_20211224_234500.ogg,20,S22,23,soundscape,2,0,2,0.989374
BC2026_Train_0036_S22_20211224_234500_25,BC2026_Train_0036_S22_20211224_234500.ogg,25,S22,23,soundscape,2,0,2,0.98704743
BC2026_Train_0036_S22_20211224_234500_30,BC2026_Train_0036_S22_20211224_234500.ogg,30,S22,23,soundscape,2,0,2,0.9895235
BC2026_Train_0036_S22_20211224_234500_35,BC2026_Train_0036_S22_20211224_234500.ogg,35,S22,23,soundscape,2,0,2,0.9910356
BC2026_Train_0036_S22_20211224_234500_40,BC2026_Train_0036_S22_20211224_234500.ogg,40,S22,23,soundscape,2,0,2,0.9839659
BC2026_Train_0036_S22_20211224_234500_45,BC2026_Train_0036_S22_20211224_234500.ogg,45,S22,23,soundscape,2,0,2,0.99160624
BC2026_Train_0036_S22_20211224_234500_50,BC2026_Train_0036_S22_20211224_234500.ogg,50,S22,23,soundscape,2,0,2,0.9802438
BC2026_Train_0036_S22_20211224_234500_55,BC2026_Train_0036_S22_20211224_234500.ogg,55,S22,23,soundscape,2,0,2,0.98545134
BC2026_Train_0036_S22_20211224_234500_60,BC2026_Train_0036_S22_20211224_234500.ogg,60,S22,23,soundscape,2,0,2,0.9893255
BC2026_Train_0038_S22_20211228_220000_5,BC2026_Train_0038_S22_20211228_220000.ogg,5,S22,22,soundscape,2,0,2,0.9923767
BC2026_Train_0038_S22_20211228_220000_10,BC2026_Train_0038_S22_20211228_220000.ogg,10,S22,22,soundscape,2,0,2,0.990113
BC2026_Train_0038_S22_20211228_220000_15,BC2026_Train_0038_S22_20211228_220000.ogg,15,S22,22,soundscape,2,0,2,0.9952922
BC2026_Train_0038_S22_20211228_220000_20,BC2026_Train_0038_S22_20211228_220000.ogg,20,S22,22,soundscape,2,0,2,0.99020386
BC2026_Train_0038_S22_20211228_220000_25,BC2026_Train_0038_S22_20211228_220000.ogg,25,S22,22,soundscape,2,0,2,0.99425864
BC2026_Train_0038_S22_20211228_220000_30,BC2026_Train_0038_S22_20211228_220000.ogg,30,S22,22,soundscape,2,0,2,0.98517585
BC2026_Train_0038_S22_20211228_220000_35,BC2026_Train_0038_S22_20211228_220000.ogg,35,S22,22,soundscape,2,0,2,0.99372214
BC2026_Train_0038_S22_20211228_220000_40,BC2026_Train_0038_S22_20211228_220000.ogg,40,S22,22,soundscape,2,0,2,0.99578995
BC2026_Train_0038_S22_20211228_220000_45,BC2026_Train_0038_S22_20211228_220000.ogg,45,S22,22,soundscape,2,0,2,0.9929762
BC2026_Train_0038_S22_20211228_220000_50,BC2026_Train_0038_S22_20211228_220000.ogg,50,S22,22,soundscape,2,0,2,0.99106115
BC2026_Train_0038_S22_20211228_220000_55,BC2026_Train_0038_S22_20211228_220000.ogg,55,S22,22,soundscape,2,0,2,0.98711944
BC2026_Train_0038_S22_20211228_220000_60,BC2026_Train_0038_S22_20211228_220000.ogg,60,S22,22,soundscape,2,0,2,0.99275744
BC2026_Train_0041_S22_20220105_223000_5,BC2026_Train_0041_S22_20220105_223000.ogg,5,S22,22,soundscape,2,0,2,0.98687196
BC2026_Train_0041_S22_20220105_223000_10,BC2026_Train_0041_S22_20220105_223000.ogg,10,S22,22,soundscape,2,0,2,0.98805225
BC2026_Train_0041_S22_20220105_223000_15,BC2026_Train_0041_S22_20220105_223000.ogg,15,S22,22,soundscape,2,0,2,0.99124104
BC2026_Train_0041_S22_20220105_223000_20,BC2026_Train_0041_S22_20220105_223000.ogg,20,S22,22,soundscape,2,0,2,0.98981947
BC2026_Train_0041_S22_20220105_223000_25,BC2026_Train_0041_S22_20220105_223000.ogg,25,S22,22,soundscape,2,0,2,0.99084705
BC2026_Train_0041_S22_20220105_223000_30,BC2026_Train_0041_S22_20220105_223000.ogg,30,S22,22,soundscape,2,0,2,0.9923171
BC2026_Train_0041_S22_20220105_223000_35,BC2026_Train_0041_S22_20220105_223000.ogg,35,S22,22,soundscape,2,0,2,0.99538994
BC2026_Train_0041_S22_20220105_223000_40,BC2026_Train_0041_S22_20220105_223000.ogg,40,S22,22,soundscape,2,0,2,0.99278533
BC2026_Train_0041_S22_20220105_223000_45,BC2026_Train_0041_S22_20220105_223000.ogg,45,S22,22,soundscape,2,0,2,0.9942934
BC2026_Train_0041_S22_20220105_223000_50,BC2026_Train_0041_S22_20220105_223000.ogg,50,S22,22,soundscape,2,0,2,0.9938788
BC2026_Train_0041_S22_20220105_223000_55,BC2026_Train_0041_S22_20220105_223000.ogg,55,S22,22,soundscape,2,0,2,0.991338
BC2026_Train_0041_S22_20220105_223000_60,BC2026_Train_0041_S22_20220105_223000.ogg,60,S22,22,soundscape,2,0,2,0.9920074
BC2026_Train_0046_S22_20220127_230000_5,BC2026_Train_0046_S22_20220127_230000.ogg,5,S22,23,soundscape,2,0,2,0.99341375
BC2026_Train_0046_S22_20220127_230000_10,BC2026_Train_0046_S22_20220127_230000.ogg,10,S22,23,soundscape,2,0,2,0.99488455
BC2026_Train_0046_S22_20220127_230000_15,BC2026_Train_0046_S22_20220127_230000.ogg,15,S22,23,soundscape,2,0,2,0.9966654
BC2026_Train_0046_S22_20220127_230000_20,BC2026_Train_0046_S22_20220127_230000.ogg,20,S22,23,soundscape,2,0,2,0.99560994
BC2026_Train_0046_S22_20220127_230000_25,BC2026_Train_0046_S22_20220127_230000.ogg,25,S22,23,soundscape,2,0,2,0.9955023
BC2026_Train_0046_S22_20220127_230000_30,BC2026_Train_0046_S22_20220127_230000.ogg,30,S22,23,soundscape,2,0,2,0.9934458
BC2026_Train_0046_S22_20220127_230000_35,BC2026_Train_0046_S22_20220127_230000.ogg,35,S22,23,soundscape,2,0,2,0.99349713
BC2026_Train_0046_S22_20220127_230000_40,BC2026_Train_0046_S22_20220127_230000.ogg,40,S22,23,soundscape,2,0,2,0.99607015
BC2026_Train_0046_S22_20220127_230000_45,BC2026_Train_0046_S22_20220127_230000.ogg,45,S22,23,soundscape,2,0,2,0.99072146
BC2026_Train_0046_S22_20220127_230000_50,BC2026_Train_0046_S22_20220127_230000.ogg,50,S22,23,soundscape,2,0,2,0.9932147
BC2026_Train_0046_S22_20220127_230000_55,BC2026_Train_0046_S22_20220127_230000.ogg,55,S22,23,soundscape,2,0,2,0.9936831
BC2026_Train_0046_S22_20220127_230000_60,BC2026_Train_0046_S22_20220127_230000.ogg,60,S22,23,soundscape,2,0,2,0.9952306
BC2026_Train_0056_S22_20220221_214500_5,BC2026_Train_0056_S22_20220221_214500.ogg,5,S22,21,soundscape,2,0,2,0.9646308
BC2026_Train_0056_S22_20220221_214500_10,BC2026_Train_0056_S22_20220221_214500.ogg,10,S22,21,soundscape,2,0,2,0.94089997
BC2026_Train_0056_S22_20220221_214500_15,BC2026_Train_0056_S22_20220221_214500.ogg,15,S22,21,soundscape,2,0,2,0.90856314
BC2026_Train_0056_S22_20220221_214500_20,BC2026_Train_0056_S22_20220221_214500.ogg,20,S22,21,soundscape,2,0,2,0.93145674
BC2026_Train_0056_S22_20220221_214500_25,BC2026_Train_0056_S22_20220221_214500.ogg,25,S22,21,soundscape,2,0,2,0.927133
BC2026_Train_0056_S22_20220221_214500_30,BC2026_Train_0056_S22_20220221_214500.ogg,30,S22,21,soundscape,2,0,2,0.9038022
BC2026_Train_0056_S22_20220221_214500_35,BC2026_Train_0056_S22_20220221_214500.ogg,35,S22,21,soundscape,2,0,2,0.91902375
BC2026_Train_0056_S22_20220221_214500_40,BC2026_Train_0056_S22_20220221_214500.ogg,40,S22,21,soundscape,2,0,2,0.92493755
BC2026_Train_0056_S22_20220221_214500_45,BC2026_Train_0056_S22_20220221_214500.ogg,45,S22,21,soundscape,2,0,2,0.93231577
BC2026_Train_0056_S22_20220221_214500_50,BC2026_Train_0056_S22_20220221_214500.ogg,50,S22,21,soundscape,2,0,2,0.9552651
BC2026_Train_0056_S22_20220221_214500_55,BC2026_Train_0056_S22_20220221_214500.ogg,55,S22,21,soundscape,2,0,2,0.8869846
BC2026_Train_0056_S22_20220221_214500_60,BC2026_Train_0056_S22_20220221_214500.ogg,60,S22,21,soundscape,2,0,2,0.8907764
BC2026_Train_0061_S19_20250418_210000_5,BC2026_Train_0061_S19_20250418_210000.ogg,5,S19,21,soundscape,2,0,2,0.30943692
BC2026_Train_0061_S19_20250418_210000_10,BC2026_Train_0061_S19_20250418_210000.ogg,10,S19,21,soundscape,2,0,2,0.34927362
BC2026_Train_0061_S19_20250418_210000_15,BC2026_Train_0061_S19_20250418_210000.ogg,15,S19,21,soundscape,2,0,2,0.39216915
BC2026_Train_0061_S19_20250418_210000_20,BC2026_Train_0061_S19_20250418_210000.ogg,20,S19,21,soundscape,2,0,2,0.3254263
BC2026_Train_0061_S19_20250418_210000_25,BC2026_Train_0061_S19_20250418_210000.ogg,25,S19,21,soundscape,2,0,2,0.3657687
BC2026_Train_0061_S19_20250418_210000_30,BC2026_Train_0061_S19_20250418_210000.ogg,30,S19,21,soundscape,2,0,2,0.4676989
BC2026_Train_0061_S19_20250418_210000_35,BC2026_Train_0061_S19_20250418_210000.ogg,35,S19,21,soundscape,2,0,2,0.3309222
BC2026_Train_0061_S19_20250418_210000_40,BC2026_Train_0061_S19_20250418_210000.ogg,40,S19,21,soundscape,2,0,2,0.28777862
BC2026_Train_0061_S19_20250418_210000_45,BC2026_Train_0061_S19_20250418_210000.ogg,45,S19,21,soundscape,2,0,2,0.3281836
BC2026_Train_0061_S19_20250418_210000_50,BC2026_Train_0061_S19_20250418_210000.ogg,50,S19,21,soundscape,2,0,2,0.29592106
BC2026_Train_0061_S19_20250418_210000_55,BC2026_Train_0061_S19_20250418_210000.ogg,55,S19,21,soundscape,2,0,2,0.42908397
BC2026_Train_0061_S19_20250418_210000_60,BC2026_Train_0061_S19_20250418_210000.ogg,60,S19,21,soundscape,2,0,2,0.46463862
BC2026_Train_0065_S23_20241124_040002_5,BC2026_Train_0065_S23_20241124_040002.ogg,5,S23,4,soundscape,2,0,2,0.16896264
BC2026_Train_0065_S23_20241124_040002_10,BC2026_Train_0065_S23_20241124_040002.ogg,10,S23,4,soundscape,2,0,2,0.18282352
BC2026_Train_0065_S23_20241124_040002_15,BC2026_Train_0065_S23_20241124_040002.ogg,15,S23,4,soundscape,2,0,2,0.20054561
BC2026_Train_0065_S23_20241124_040002_20,BC2026_Train_0065_S23_20241124_040002.ogg,20,S23,4,soundscape,2,0,2,0.17312862
BC2026_Train_0065_S23_20241124_040002_25,BC2026_Train_0065_S23_20241124_040002.ogg,25,S23,4,soundscape,2,0,2,0.16340156
BC2026_Train_0065_S23_20241124_040002_30,BC2026_Train_0065_S23_20241124_040002.ogg,30,S23,4,soundscape,2,0,2,0.22879437
BC2026_Train_0065_S23_20241124_040002_35,BC2026_Train_0065_S23_20241124_040002.ogg,35,S23,4,soundscape,2,0,2,0.15309365
BC2026_Train_0065_S23_20241124_040002_40,BC2026_Train_0065_S23_20241124_040002.ogg,40,S23,4,soundscape,2,0,2,0.19613343
BC2026_Train_0065_S23_20241124_040002_45,BC2026_Train_0065_S23_20241124_040002.ogg,45,S23,4,soundscape,2,0,2,0.17563513
BC2026_Train_0065_S23_20241124_040002_50,BC2026_Train_0065_S23_20241124_040002.ogg,50,S23,4,soundscape,2,0,2,0.13993648
BC2026_Train_0065_S23_20241124_040002_55,BC2026_Train_0065_S23_20241124_040002.ogg,55,S23,4,soundscape,2,0,2,0.12355294
BC2026_Train_0065_S23_20241124_040002_60,BC2026_Train_0065_S23_20241124_040002.ogg,60,S23,4,soundscape,2,0,2,0.1699317
BC2026_Train_0066_S23_20241124_044002_5,BC2026_Train_0066_S23_20241124_044002.ogg,5,S23,4,soundscape,2,0,2,0.1761994
BC2026_Train_0066_S23_20241124_044002_10,BC2026_Train_0066_S23_20241124_044002.ogg,10,S23,4,soundscape,2,0,2,0.22749592
BC2026_Train_0066_S23_20241124_044002_15,BC2026_Train_0066_S23_20241124_044002.ogg,15,S23,4,soundscape,2,0,2,0.123541966
BC2026_Train_0066_S23_20241124_044002_20,BC2026_Train_0066_S23_20241124_044002.ogg,20,S23,4,soundscape,2,0,2,0.13071424
BC2026_Train_0066_S23_20241124_044002_25,BC2026_Train_0066_S23_20241124_044002.ogg,25,S23,4,soundscape,2,0,2,0.11022895
BC2026_Train_0066_S23_20241124_044002_30,BC2026_Train_0066_S23_20241124_044002.ogg,30,S23,4,soundscape,2,0,2,0.46391955
BC2026_Train_0066_S23_20241124_044002_35,BC2026_Train_0066_S23_20241124_044002.ogg,35,S23,4,soundscape,2,0,2,0.3505386
BC2026_Train_0066_S23_20241124_044002_40,BC2026_Train_0066_S23_20241124_044002.ogg,40,S23,4,soundscape,2,0,2,0.27664992
BC2026_Train_0066_S23_20241124_044002_45,BC2026_Train_0066_S23_20241124_044002.ogg,45,S23,4,soundscape,2,0,2,0.14627527
BC2026_Train_0066_S23_20241124_044002_50,BC2026_Train_0066_S23_20241124_044002.ogg,50,S23,4,soundscape,2,0,2,0.37271717
BC2026_Train_0066_S23_20241124_044002_55,BC2026_Train_0066_S23_20241124_044002.ogg,55,S23,4,soundscape,2,0,2,0.19005965
BC2026_Train_0066_S23_20241124_044002_60,BC2026_Train_0066_S23_20241124_044002.ogg,60,S23,4,soundscape,2,0,2,0.22726275
BC2026_Train_0003_S08_20250607_070007_5,BC2026_Train_0003_S08_20250607_070007.ogg,5,S08,7,soundscape,3,1,3,0.19225962
BC2026_Train_0003_S08_20250607_070007_10,BC2026_Train_0003_S08_20250607_070007.ogg,10,S08,7,soundscape,3,1,3,0.26337194
BC2026_Train_0003_S08_20250607_070007_15,BC2026_Train_0003_S08_20250607_070007.ogg,15,S08,7,soundscape,3,1,3,0.25330585
BC2026_Train_0003_S08_20250607_070007_20,BC2026_Train_0003_S08_20250607_070007.ogg,20,S08,7,soundscape,3,1,3,0.3625396
BC2026_Train_0003_S08_20250607_070007_25,BC2026_Train_0003_S08_20250607_070007.ogg,25,S08,7,soundscape,3,1,3,0.24341781
BC2026_Train_0003_S08_20250607_070007_30,BC2026_Train_0003_S08_20250607_070007.ogg,30,S08,7,soundscape,3,1,3,0.6353479
BC2026_Train_0003_S08_20250607_070007_35,BC2026_Train_0003_S08_20250607_070007.ogg,35,S08,7,soundscape,3,1,3,0.26677373
BC2026_Train_0003_S08_20250607_070007_40,BC2026_Train_0003_S08_20250607_070007.ogg,40,S08,7,soundscape,3,1,3,0.3778808
BC2026_Train_0003_S08_20250607_070007_45,BC2026_Train_0003_S08_20250607_070007.ogg,45,S08,7,soundscape,3,1,3,0.3788055
BC2026_Train_0003_S08_20250607_070007_50,BC2026_Train_0003_S08_20250607_070007.ogg,50,S08,7,soundscape,3,1,3,0.3006328
BC2026_Train_0003_S08_20250607_070007_55,BC2026_Train_0003_S08_20250607_070007.ogg,55,S08,7,soundscape,3,1,3,0.21768667
BC2026_Train_0003_S08_20250607_070007_60,BC2026_Train_0003_S08_20250607_070007.ogg,60,S08,7,soundscape,3,1,3,0.36519927
BC2026_Train_0013_S13_20220217_233000_5,BC2026_Train_0013_S13_20220217_233000.ogg,5,S13,23,soundscape,3,1,3,0.40877432
BC2026_Train_0013_S13_20220217_233000_10,BC2026_Train_0013_S13_20220217_233000.ogg,10,S13,23,soundscape,3,1,3,0.54477847
BC2026_Train_0013_S13_20220217_233000_15,BC2026_Train_0013_S13_20220217_233000.ogg,15,S13,23,soundscape,3,1,3,0.30750555
BC2026_Train_0013_S13_20220217_233000_20,BC2026_Train_0013_S13_20220217_233000.ogg,20,S13,23,soundscape,3,1,3,0.09683642
BC2026_Train_0013_S13_20220217_233000_25,BC2026_Train_0013_S13_20220217_233000.ogg,25,S13,23,soundscape,3,1,3,0.0668222
BC2026_Train_0013_S13_20220217_233000_30,BC2026_Train_0013_S13_20220217_233000.ogg,30,S13,23,soundscape,3,1,3,0.12520492
BC2026_Train_0013_S13_20220217_233000_35,BC2026_Train_0013_S13_20220217_233000.ogg,35,S13,23,soundscape,3,1,3,0.26161274
BC2026_Train_0013_S13_20220217_233000_40,BC2026_Train_0013_S13_20220217_233000.ogg,40,S13,23,soundscape,3,1,3,0.28504142
BC2026_Train_0013_S13_20220217_233000_45,BC2026_Train_0013_S13_20220217_233000.ogg,45,S13,23,soundscape,3,1,3,0.2145831
BC2026_Train_0013_S13_20220217_233000_50,BC2026_Train_0013_S13_20220217_233000.ogg,50,S13,23,soundscape,3,1,3,0.08888051
BC2026_Train_0013_S13_20220217_233000_55,BC2026_Train_0013_S13_20220217_233000.ogg,55,S13,23,soundscape,3,1,3,0.07221472
BC2026_Train_0013_S13_20220217_233000_60,BC2026_Train_0013_S13_20220217_233000.ogg,60,S13,23,soundscape,3,1,3,0.17223898
BC2026_Train_0019_S22_20211104_200000_5,BC2026_Train_0019_S22_20211104_200000.ogg,5,S22,20,soundscape,3,1,3,0.6475343
BC2026_Train_0019_S22_20211104_200000_10,BC2026_Train_0019_S22_20211104_200000.ogg,10,S22,20,soundscape,3,1,3,0.8152429
BC2026_Train_0019_S22_20211104_200000_15,BC2026_Train_0019_S22_20211104_200000.ogg,15,S22,20,soundscape,3,1,3,0.3146712
BC2026_Train_0019_S22_20211104_200000_20,BC2026_Train_0019_S22_20211104_200000.ogg,20,S22,20,soundscape,3,1,3,0.56288266
BC2026_Train_0019_S22_20211104_200000_25,BC2026_Train_0019_S22_20211104_200000.ogg,25,S22,20,soundscape,3,1,3,0.45683175
BC2026_Train_0019_S22_20211104_200000_30,BC2026_Train_0019_S22_20211104_200000.ogg,30,S22,20,soundscape,3,1,3,0.65739936
BC2026_Train_0019_S22_20211104_200000_35,BC2026_Train_0019_S22_20211104_200000.ogg,35,S22,20,soundscape,3,1,3,0.72488916
BC2026_Train_0019_S22_20211104_200000_40,BC2026_Train_0019_S22_20211104_200000.ogg,40,S22,20,soundscape,3,1,3,0.52112114
BC2026_Train_0019_S22_20211104_200000_45,BC2026_Train_0019_S22_20211104_200000.ogg,45,S22,20,soundscape,3,1,3,0.42255297
BC2026_Train_0019_S22_20211104_200000_50,BC2026_Train_0019_S22_20211104_200000.ogg,50,S22,20,soundscape,3,1,3,0.68127495
BC2026_Train_0019_S22_20211104_200000_55,BC2026_Train_0019_S22_20211104_200000.ogg,55,S22,20,soundscape,3,1,3,0.22880904
BC2026_Train_0019_S22_20211104_200000_60,BC2026_Train_0019_S22_20211104_200000.ogg,60,S22,20,soundscape,3,1,3,0.26959002
BC2026_Train_0021_S22_20211106_023000_5,BC2026_Train_0021_S22_20211106_023000.ogg,5,S22,2,soundscape,3,1,3,0.42493027
BC2026_Train_0021_S22_20211106_023000_10,BC2026_Train_0021_S22_20211106_023000.ogg,10,S22,2,soundscape,3,1,3,0.3955661
BC2026_Train_0021_S22_20211106_023000_15,BC2026_Train_0021_S22_20211106_023000.ogg,15,S22,2,soundscape,3,1,3,0.55883116
BC2026_Train_0021_S22_20211106_023000_20,BC2026_Train_0021_S22_20211106_023000.ogg,20,S22,2,soundscape,3,1,3,0.4464901
BC2026_Train_0021_S22_20211106_023000_25,BC2026_Train_0021_S22_20211106_023000.ogg,25,S22,2,soundscape,3,1,3,0.36467883
BC2026_Train_0021_S22_20211106_023000_30,BC2026_Train_0021_S22_20211106_023000.ogg,30,S22,2,soundscape,3,1,3,0.34521794
BC2026_Train_0021_S22_20211106_023000_35,BC2026_Train_0021_S22_20211106_023000.ogg,35,S22,2,soundscape,3,1,3,0.4142157
BC2026_Train_0021_S22_20211106_023000_40,BC2026_Train_0021_S22_20211106_023000.ogg,40,S22,2,soundscape,3,1,3,0.42215592
BC2026_Train_0021_S22_20211106_023000_45,BC2026_Train_0021_S22_20211106_023000.ogg,45,S22,2,soundscape,3,1,3,0.49230954
BC2026_Train_0021_S22_20211106_023000_50,BC2026_Train_0021_S22_20211106_023000.ogg,50,S22,2,soundscape,3,1,3,0.57998884
BC2026_Train_0021_S22_20211106_023000_55,BC2026_Train_0021_S22_20211106_023000.ogg,55,S22,2,soundscape,3,1,3,0.6268602
BC2026_Train_0021_S22_20211106_023000_60,BC2026_Train_0021_S22_20211106_023000.ogg,60,S22,2,soundscape,3,1,3,0.6198672
BC2026_Train_0024_S22_20211123_004500_5,BC2026_Train_0024_S22_20211123_004500.ogg,5,S22,0,soundscape,3,1,3,0.20745166
BC2026_Train_0024_S22_20211123_004500_10,BC2026_Train_0024_S22_20211123_004500.ogg,10,S22,0,soundscape,3,1,3,0.28556928
BC2026_Train_0024_S22_20211123_004500_15,BC2026_Train_0024_S22_20211123_004500.ogg,15,S22,0,soundscape,3,1,3,0.12642266
BC2026_Train_0024_S22_20211123_004500_20,BC2026_Train_0024_S22_20211123_004500.ogg,20,S22,0,soundscape,3,1,3,0.487661
BC2026_Train_0024_S22_20211123_004500_25,BC2026_Train_0024_S22_20211123_004500.ogg,25,S22,0,soundscape,3,1,3,0.45322445
BC2026_Train_0024_S22_20211123_004500_30,BC2026_Train_0024_S22_20211123_004500.ogg,30,S22,0,soundscape,3,1,3,0.17243727
BC2026_Train_0024_S22_20211123_004500_35,BC2026_Train_0024_S22_20211123_004500.ogg,35,S22,0,soundscape,3,1,3,0.2918088
BC2026_Train_0024_S22_20211123_004500_40,BC2026_Train_0024_S22_20211123_004500.ogg,40,S22,0,soundscape,3,1,3,0.1378533
BC2026_Train_0024_S22_20211123_004500_45,BC2026_Train_0024_S22_20211123_004500.ogg,45,S22,0,soundscape,3,1,3,0.25895035
BC2026_Train_0024_S22_20211123_004500_50,BC2026_Train_0024_S22_20211123_004500.ogg,50,S22,0,soundscape,3,1,3,0.49349213
BC2026_Train_0024_S22_20211123_004500_55,BC2026_Train_0024_S22_20211123_004500.ogg,55,S22,0,soundscape,3,1,3,0.2989416
BC2026_Train_0024_S22_20211123_004500_60,BC2026_Train_0024_S22_20211123_004500.ogg,60,S22,0,soundscape,3,1,3,0.48486963
BC2026_Train_0030_S22_20211212_224500_5,BC2026_Train_0030_S22_20211212_224500.ogg,5,S22,22,soundscape,3,1,3,0.83021706
BC2026_Train_0030_S22_20211212_224500_10,BC2026_Train_0030_S22_20211212_224500.ogg,10,S22,22,soundscape,3,1,3,0.82691866
BC2026_Train_0030_S22_20211212_224500_15,BC2026_Train_0030_S22_20211212_224500.ogg,15,S22,22,soundscape,3,1,3,0.7912955
BC2026_Train_0030_S22_20211212_224500_20,BC2026_Train_0030_S22_20211212_224500.ogg,20,S22,22,soundscape,3,1,3,0.8458453
BC2026_Train_0030_S22_20211212_224500_25,BC2026_Train_0030_S22_20211212_224500.ogg,25,S22,22,soundscape,3,1,3,0.81460005
BC2026_Train_0030_S22_20211212_224500_30,BC2026_Train_0030_S22_20211212_224500.ogg,30,S22,22,soundscape,3,1,3,0.7875451
BC2026_Train_0030_S22_20211212_224500_35,BC2026_Train_0030_S22_20211212_224500.ogg,35,S22,22,soundscape,3,1,3,0.79191035
BC2026_Train_0030_S22_20211212_224500_40,BC2026_Train_0030_S22_20211212_224500.ogg,40,S22,22,soundscape,3,1,3,0.8332055
BC2026_Train_0030_S22_20211212_224500_45,BC2026_Train_0030_S22_20211212_224500.ogg,45,S22,22,soundscape,3,1,3,0.83649135
BC2026_Train_0030_S22_20211212_224500_50,BC2026_Train_0030_S22_20211212_224500.ogg,50,S22,22,soundscape,3,1,3,0.8413348
BC2026_Train_0030_S22_20211212_224500_55,BC2026_Train_0030_S22_20211212_224500.ogg,55,S22,22,soundscape,3,1,3,0.8237011
BC2026_Train_0030_S22_20211212_224500_60,BC2026_Train_0030_S22_20211212_224500.ogg,60,S22,22,soundscape,3,1,3,0.84393793
BC2026_Train_0040_S22_20220101_014500_5,BC2026_Train_0040_S22_20220101_014500.ogg,5,S22,1,soundscape,3,1,3,0.8572753
BC2026_Train_0040_S22_20220101_014500_10,BC2026_Train_0040_S22_20220101_014500.ogg,10,S22,1,soundscape,3,1,3,0.9408576
BC2026_Train_0040_S22_20220101_014500_15,BC2026_Train_0040_S22_20220101_014500.ogg,15,S22,1,soundscape,3,1,3,0.94380766
BC2026_Train_0040_S22_20220101_014500_20,BC2026_Train_0040_S22_20220101_014500.ogg,20,S22,1,soundscape,3,1,3,0.8684542
BC2026_Train_0040_S22_20220101_014500_25,BC2026_Train_0040_S22_20220101_014500.ogg,25,S22,1,soundscape,3,1,3,0.8707904
BC2026_Train_0040_S22_20220101_014500_30,BC2026_Train_0040_S22_20220101_014500.ogg,30,S22,1,soundscape,3,1,3,0.7858827
BC2026_Train_0040_S22_20220101_014500_35,BC2026_Train_0040_S22_20220101_014500.ogg,35,S22,1,soundscape,3,1,3,0.941374
BC2026_Train_0040_S22_20220101_014500_40,BC2026_Train_0040_S22_20220101_014500.ogg,40,S22,1,soundscape,3,1,3,0.8860356
BC2026_Train_0040_S22_20220101_014500_45,BC2026_Train_0040_S22_20220101_014500.ogg,45,S22,1,soundscape,3,1,3,0.82457584
BC2026_Train_0040_S22_20220101_014500_50,BC2026_Train_0040_S22_20220101_014500.ogg,50,S22,1,soundscape,3,1,3,0.88051397
BC2026_Train_0040_S22_20220101_014500_55,BC2026_Train_0040_S22_20220101_014500.ogg,55,S22,1,soundscape,3,1,3,0.9177653
BC2026_Train_0040_S22_20220101_014500_60,BC2026_Train_0040_S22_20220101_014500.ogg,60,S22,1,soundscape,3,1,3,0.91139865
BC2026_Train_0045_S22_20220125_211500_5,BC2026_Train_0045_S22_20220125_211500.ogg,5,S22,21,soundscape,3,1,3,0.9898329
BC2026_Train_0045_S22_20220125_211500_10,BC2026_Train_0045_S22_20220125_211500.ogg,10,S22,21,soundscape,3,1,3,0.99352515
BC2026_Train_0045_S22_20220125_211500_15,BC2026_Train_0045_S22_20220125_211500.ogg,15,S22,21,soundscape,3,1,3,0.9966743
BC2026_Train_0045_S22_20220125_211500_20,BC2026_Train_0045_S22_20220125_211500.ogg,20,S22,21,soundscape,3,1,3,0.9949857
BC2026_Train_0045_S22_20220125_211500_25,BC2026_Train_0045_S22_20220125_211500.ogg,25,S22,21,soundscape,3,1,3,0.9934116
BC2026_Train_0045_S22_20220125_211500_30,BC2026_Train_0045_S22_20220125_211500.ogg,30,S22,21,soundscape,3,1,3,0.98903966
BC2026_Train_0045_S22_20220125_211500_35,BC2026_Train_0045_S22_20220125_211500.ogg,35,S22,21,soundscape,3,1,3,0.99414814
BC2026_Train_0045_S22_20220125_211500_40,BC2026_Train_0045_S22_20220125_211500.ogg,40,S22,21,soundscape,3,1,3,0.9888815
BC2026_Train_0045_S22_20220125_211500_45,BC2026_Train_0045_S22_20220125_211500.ogg,45,S22,21,soundscape,3,1,3,0.9925834
BC2026_Train_0045_S22_20220125_211500_50,BC2026_Train_0045_S22_20220125_211500.ogg,50,S22,21,soundscape,3,1,3,0.9900804
BC2026_Train_0045_S22_20220125_211500_55,BC2026_Train_0045_S22_20220125_211500.ogg,55,S22,21,soundscape,3,1,3,0.9947713
BC2026_Train_0045_S22_20220125_211500_60,BC2026_Train_0045_S22_20220125_211500.ogg,60,S22,21,soundscape,3,1,3,0.99616504
BC2026_Train_0050_S22_20220205_214500_5,BC2026_Train_0050_S22_20220205_214500.ogg,5,S22,21,soundscape,3,1,3,0.96104103
BC2026_Train_0050_S22_20220205_214500_10,BC2026_Train_0050_S22_20220205_214500.ogg,10,S22,21,soundscape,3,1,3,0.98519725
BC2026_Train_0050_S22_20220205_214500_15,BC2026_Train_0050_S22_20220205_214500.ogg,15,S22,21,soundscape,3,1,3,0.97098184
BC2026_Train_0050_S22_20220205_214500_20,BC2026_Train_0050_S22_20220205_214500.ogg,20,S22,21,soundscape,3,1,3,0.990166
BC2026_Train_0050_S22_20220205_214500_25,BC2026_Train_0050_S22_20220205_214500.ogg,25,S22,21,soundscape,3,1,3,0.95005226
BC2026_Train_0050_S22_20220205_214500_30,BC2026_Train_0050_S22_20220205_214500.ogg,30,S22,21,soundscape,3,1,3,0.92628944
BC2026_Train_0050_S22_20220205_214500_35,BC2026_Train_0050_S22_20220205_214500.ogg,35,S22,21,soundscape,3,1,3,0.87134933
BC2026_Train_0050_S22_20220205_214500_40,BC2026_Train_0050_S22_20220205_214500.ogg,40,S22,21,soundscape,3,1,3,0.8893745
BC2026_Train_0050_S22_20220205_214500_45,BC2026_Train_0050_S22_20220205_214500.ogg,45,S22,21,soundscape,3,1,3,0.8769181
BC2026_Train_0050_S22_20220205_214500_50,BC2026_Train_0050_S22_20220205_214500.ogg,50,S22,21,soundscape,3,1,3,0.8829671
BC2026_Train_0050_S22_20220205_214500_55,BC2026_Train_0050_S22_20220205_214500.ogg,55,S22,21,soundscape,3,1,3,0.97985005
BC2026_Train_0050_S22_20220205_214500_60,BC2026_Train_0050_S22_20220205_214500.ogg,60,S22,21,soundscape,3,1,3,0.9836152
BC2026_Train_0052_S22_20220210_210000_5,BC2026_Train_0052_S22_20220210_210000.ogg,5,S22,21,soundscape,3,1,3,0.9869042
BC2026_Train_0052_S22_20220210_210000_10,BC2026_Train_0052_S22_20220210_210000.ogg,10,S22,21,soundscape,3,1,3,0.99136955
BC2026_Train_0052_S22_20220210_210000_15,BC2026_Train_0052_S22_20220210_210000.ogg,15,S22,21,soundscape,3,1,3,0.99525946
BC2026_Train_0052_S22_20220210_210000_20,BC2026_Train_0052_S22_20220210_210000.ogg,20,S22,21,soundscape,3,1,3,0.9981675
BC2026_Train_0052_S22_20220210_210000_25,BC2026_Train_0052_S22_20220210_210000.ogg,25,S22,21,soundscape,3,1,3,0.99398744
BC2026_Train_0052_S22_20220210_210000_30,BC2026_Train_0052_S22_20220210_210000.ogg,30,S22,21,soundscape,3,1,3,0.9942286
BC2026_Train_0052_S22_20220210_210000_35,BC2026_Train_0052_S22_20220210_210000.ogg,35,S22,21,soundscape,3,1,3,0.991319
BC2026_Train_0052_S22_20220210_210000_40,BC2026_Train_0052_S22_20220210_210000.ogg,40,S22,21,soundscape,3,1,3,0.9677977
BC2026_Train_0052_S22_20220210_210000_45,BC2026_Train_0052_S22_20220210_210000.ogg,45,S22,21,soundscape,3,1,3,0.964733
BC2026_Train_0052_S22_20220210_210000_50,BC2026_Train_0052_S22_20220210_210000.ogg,50,S22,21,soundscape,3,1,3,0.9740899
BC2026_Train_0052_S22_20220210_210000_55,BC2026_Train_0052_S22_20220210_210000.ogg,55,S22,21,soundscape,3,1,3,0.94011486
BC2026_Train_0052_S22_20220210_210000_60,BC2026_Train_0052_S22_20220210_210000.ogg,60,S22,21,soundscape,3,1,3,0.9462582
BC2026_Train_0055_S22_20220219_200000_5,BC2026_Train_0055_S22_20220219_200000.ogg,5,S22,20,soundscape,3,1,3,0.9674239
BC2026_Train_0055_S22_20220219_200000_10,BC2026_Train_0055_S22_20220219_200000.ogg,10,S22,20,soundscape,3,1,3,0.97404253
BC2026_Train_0055_S22_20220219_200000_15,BC2026_Train_0055_S22_20220219_200000.ogg,15,S22,20,soundscape,3,1,3,0.9815167
BC2026_Train_0055_S22_20220219_200000_20,BC2026_Train_0055_S22_20220219_200000.ogg,20,S22,20,soundscape,3,1,3,0.96118724
BC2026_Train_0055_S22_20220219_200000_25,BC2026_Train_0055_S22_20220219_200000.ogg,25,S22,20,soundscape,3,1,3,0.9802332
BC2026_Train_0055_S22_20220219_200000_30,BC2026_Train_0055_S22_20220219_200000.ogg,30,S22,20,soundscape,3,1,3,0.9684183
BC2026_Train_0055_S22_20220219_200000_35,BC2026_Train_0055_S22_20220219_200000.ogg,35,S22,20,soundscape,3,1,3,0.97464263
BC2026_Train_0055_S22_20220219_200000_40,BC2026_Train_0055_S22_20220219_200000.ogg,40,S22,20,soundscape,3,1,3,0.96546334
BC2026_Train_0055_S22_20220219_200000_45,BC2026_Train_0055_S22_20220219_200000.ogg,45,S22,20,soundscape,3,1,3,0.87162185
BC2026_Train_0055_S22_20220219_200000_50,BC2026_Train_0055_S22_20220219_200000.ogg,50,S22,20,soundscape,3,1,3,0.9248931
BC2026_Train_0055_S22_20220219_200000_55,BC2026_Train_0055_S22_20220219_200000.ogg,55,S22,20,soundscape,3,1,3,0.91491246
BC2026_Train_0055_S22_20220219_200000_60,BC2026_Train_0055_S22_20220219_200000.ogg,60,S22,20,soundscape,3,1,3,0.90801555
BC2026_Train_0060_S15_20250617_062700_5,BC2026_Train_0060_S15_20250617_062700.ogg,5,S15,6,soundscape,3,1,3,0.93985605
BC2026_Train_0060_S15_20250617_062700_10,BC2026_Train_0060_S15_20250617_062700.ogg,10,S15,6,soundscape,3,1,3,0.9347813
BC2026_Train_0060_S15_20250617_062700_15,BC2026_Train_0060_S15_20250617_062700.ogg,15,S15,6,soundscape,3,1,3,0.96220577
BC2026_Train_0060_S15_20250617_062700_20,BC2026_Train_0060_S15_20250617_062700.ogg,20,S15,6,soundscape,3,1,3,0.92556953
BC2026_Train_0060_S15_20250617_062700_25,BC2026_Train_0060_S15_20250617_062700.ogg,25,S15,6,soundscape,3,1,3,0.9291519
BC2026_Train_0060_S15_20250617_062700_30,BC2026_Train_0060_S15_20250617_062700.ogg,30,S15,6,soundscape,3,1,3,0.94510525
BC2026_Train_0060_S15_20250617_062700_35,BC2026_Train_0060_S15_20250617_062700.ogg,35,S15,6,soundscape,3,1,3,0.9613945
BC2026_Train_0060_S15_20250617_062700_40,BC2026_Train_0060_S15_20250617_062700.ogg,40,S15,6,soundscape,3,1,3,0.8981047
BC2026_Train_0060_S15_20250617_062700_45,BC2026_Train_0060_S15_20250617_062700.ogg,45,S15,6,soundscape,3,1,3,0.92734283
BC2026_Train_0060_S15_20250617_062700_50,BC2026_Train_0060_S15_20250617_062700.ogg,50,S15,6,soundscape,3,1,3,0.9834292
BC2026_Train_0060_S15_20250617_062700_55,BC2026_Train_0060_S15_20250617_062700.ogg,55,S15,6,soundscape,3,1,3,0.9566232
BC2026_Train_0060_S15_20250617_062700_60,BC2026_Train_0060_S15_20250617_062700.ogg,60,S15,6,soundscape,3,1,3,0.98783374
BC2026_Train_0002_S08_20250607_030007_5,BC2026_Train_0002_S08_20250607_030007.ogg,5,S08,3,soundscape,3,2,3,0.85550135
BC2026_Train_0002_S08_20250607_030007_10,BC2026_Train_0002_S08_20250607_030007.ogg,10,S08,3,soundscape,3,2,3,0.8649009
BC2026_Train_0002_S08_20250607_030007_15,BC2026_Train_0002_S08_20250607_030007.ogg,15,S08,3,soundscape,3,2,3,0.85018146
BC2026_Train_0002_S08_20250607_030007_20,BC2026_Train_0002_S08_20250607_030007.ogg,20,S08,3,soundscape,3,2,3,0.8602707
BC2026_Train_0002_S08_20250607_030007_25,BC2026_Train_0002_S08_20250607_030007.ogg,25,S08,3,soundscape,3,2,3,0.8574607
BC2026_Train_0002_S08_20250607_030007_30,BC2026_Train_0002_S08_20250607_030007.ogg,30,S08,3,soundscape,3,2,3,0.8655604
BC2026_Train_0002_S08_20250607_030007_35,BC2026_Train_0002_S08_20250607_030007.ogg,35,S08,3,soundscape,3,2,3,0.8496514
BC2026_Train_0002_S08_20250607_030007_40,BC2026_Train_0002_S08_20250607_030007.ogg,40,S08,3,soundscape,3,2,3,0.8633083
BC2026_Train_0002_S08_20250607_030007_45,BC2026_Train_0002_S08_20250607_030007.ogg,45,S08,3,soundscape,3,2,3,0.8548823
BC2026_Train_0002_S08_20250607_030007_50,BC2026_Train_0002_S08_20250607_030007.ogg,50,S08,3,soundscape,3,2,3,0.8654773
BC2026_Train_0002_S08_20250607_030007_55,BC2026_Train_0002_S08_20250607_030007.ogg,55,S08,3,soundscape,3,2,3,0.8674071
BC2026_Train_0002_S08_20250607_030007_60,BC2026_Train_0002_S08_20250607_030007.ogg,60,S08,3,soundscape,3,2,3,0.8333972
BC2026_Train_0012_S03_20220211_233000_5,BC2026_Train_0012_S03_20220211_233000.ogg,5,S03,23,soundscape,3,2,3,0.20536236
BC2026_Train_0012_S03_20220211_233000_10,BC2026_Train_0012_S03_20220211_233000.ogg,10,S03,23,soundscape,3,2,3,0.4578522
BC2026_Train_0012_S03_20220211_233000_15,BC2026_Train_0012_S03_20220211_233000.ogg,15,S03,23,soundscape,3,2,3,0.24529086
BC2026_Train_0012_S03_20220211_233000_20,BC2026_Train_0012_S03_20220211_233000.ogg,20,S03,23,soundscape,3,2,3,0.46367788
BC2026_Train_0012_S03_20220211_233000_25,BC2026_Train_0012_S03_20220211_233000.ogg,25,S03,23,soundscape,3,2,3,0.5365213
BC2026_Train_0012_S03_20220211_233000_30,BC2026_Train_0012_S03_20220211_233000.ogg,30,S03,23,soundscape,3,2,3,0.380302
BC2026_Train_0012_S03_20220211_233000_35,BC2026_Train_0012_S03_20220211_233000.ogg,35,S03,23,soundscape,3,2,3,0.4443143
BC2026_Train_0012_S03_20220211_233000_40,BC2026_Train_0012_S03_20220211_233000.ogg,40,S03,23,soundscape,3,2,3,0.51358354
BC2026_Train_0012_S03_20220211_233000_45,BC2026_Train_0012_S03_20220211_233000.ogg,45,S03,23,soundscape,3,2,3,0.41653258
BC2026_Train_0012_S03_20220211_233000_50,BC2026_Train_0012_S03_20220211_233000.ogg,50,S03,23,soundscape,3,2,3,0.51674896
BC2026_Train_0012_S03_20220211_233000_55,BC2026_Train_0012_S03_20220211_233000.ogg,55,S03,23,soundscape,3,2,3,0.46954194
BC2026_Train_0012_S03_20220211_233000_60,BC2026_Train_0012_S03_20220211_233000.ogg,60,S03,23,soundscape,3,2,3,0.5412165
BC2026_Train_0018_S22_20211028_234500_5,BC2026_Train_0018_S22_20211028_234500.ogg,5,S22,23,soundscape,3,2,3,0.67675
BC2026_Train_0018_S22_20211028_234500_10,BC2026_Train_0018_S22_20211028_234500.ogg,10,S22,23,soundscape,3,2,3,0.6891397
BC2026_Train_0018_S22_20211028_234500_15,BC2026_Train_0018_S22_20211028_234500.ogg,15,S22,23,soundscape,3,2,3,0.5515868
BC2026_Train_0018_S22_20211028_234500_20,BC2026_Train_0018_S22_20211028_234500.ogg,20,S22,23,soundscape,3,2,3,0.6435886
BC2026_Train_0018_S22_20211028_234500_25,BC2026_Train_0018_S22_20211028_234500.ogg,25,S22,23,soundscape,3,2,3,0.6297207
BC2026_Train_0018_S22_20211028_234500_30,BC2026_Train_0018_S22_20211028_234500.ogg,30,S22,23,soundscape,3,2,3,0.71705765
BC2026_Train_0018_S22_20211028_234500_35,BC2026_Train_0018_S22_20211028_234500.ogg,35,S22,23,soundscape,3,2,3,0.6656502
BC2026_Train_0018_S22_20211028_234500_40,BC2026_Train_0018_S22_20211028_234500.ogg,40,S22,23,soundscape,3,2,3,0.7087932
BC2026_Train_0018_S22_20211028_234500_45,BC2026_Train_0018_S22_20211028_234500.ogg,45,S22,23,soundscape,3,2,3,0.6243277
BC2026_Train_0018_S22_20211028_234500_50,BC2026_Train_0018_S22_20211028_234500.ogg,50,S22,23,soundscape,3,2,3,0.63543886
BC2026_Train_0018_S22_20211028_234500_55,BC2026_Train_0018_S22_20211028_234500.ogg,55,S22,23,soundscape,3,2,3,0.72449607
BC2026_Train_0018_S22_20211028_234500_60,BC2026_Train_0018_S22_20211028_234500.ogg,60,S22,23,soundscape,3,2,3,0.6383192
BC2026_Train_0023_S22_20211121_230000_5,BC2026_Train_0023_S22_20211121_230000.ogg,5,S22,23,soundscape,3,2,3,0.52046067
BC2026_Train_0023_S22_20211121_230000_10,BC2026_Train_0023_S22_20211121_230000.ogg,10,S22,23,soundscape,3,2,3,0.44645438
BC2026_Train_0023_S22_20211121_230000_15,BC2026_Train_0023_S22_20211121_230000.ogg,15,S22,23,soundscape,3,2,3,0.4760042
BC2026_Train_0023_S22_20211121_230000_20,BC2026_Train_0023_S22_20211121_230000.ogg,20,S22,23,soundscape,3,2,3,0.5167932
BC2026_Train_0023_S22_20211121_230000_25,BC2026_Train_0023_S22_20211121_230000.ogg,25,S22,23,soundscape,3,2,3,0.53535587
BC2026_Train_0023_S22_20211121_230000_30,BC2026_Train_0023_S22_20211121_230000.ogg,30,S22,23,soundscape,3,2,3,0.58641696
BC2026_Train_0023_S22_20211121_230000_35,BC2026_Train_0023_S22_20211121_230000.ogg,35,S22,23,soundscape,3,2,3,0.37107837
BC2026_Train_0023_S22_20211121_230000_40,BC2026_Train_0023_S22_20211121_230000.ogg,40,S22,23,soundscape,3,2,3,0.42490736
BC2026_Train_0023_S22_20211121_230000_45,BC2026_Train_0023_S22_20211121_230000.ogg,45,S22,23,soundscape,3,2,3,0.72248536
BC2026_Train_0023_S22_20211121_230000_50,BC2026_Train_0023_S22_20211121_230000.ogg,50,S22,23,soundscape,3,2,3,0.79113376
BC2026_Train_0023_S22_20211121_230000_55,BC2026_Train_0023_S22_20211121_230000.ogg,55,S22,23,soundscape,3,2,3,0.89271015
BC2026_Train_0023_S22_20211121_230000_60,BC2026_Train_0023_S22_20211121_230000.ogg,60,S22,23,soundscape,3,2,3,0.92641634
BC2026_Train_0029_S22_20211211_023000_5,BC2026_Train_0029_S22_20211211_023000.ogg,5,S22,2,soundscape,3,2,3,0.37416443
BC2026_Train_0029_S22_20211211_023000_10,BC2026_Train_0029_S22_20211211_023000.ogg,10,S22,2,soundscape,3,2,3,0.49621144
BC2026_Train_0029_S22_20211211_023000_15,BC2026_Train_0029_S22_20211211_023000.ogg,15,S22,2,soundscape,3,2,3,0.33799082
BC2026_Train_0029_S22_20211211_023000_20,BC2026_Train_0029_S22_20211211_023000.ogg,20,S22,2,soundscape,3,2,3,0.49443915
BC2026_Train_0029_S22_20211211_023000_25,BC2026_Train_0029_S22_20211211_023000.ogg,25,S22,2,soundscape,3,2,3,0.45893508
BC2026_Train_0029_S22_20211211_023000_30,BC2026_Train_0029_S22_20211211_023000.ogg,30,S22,2,soundscape,3,2,3,0.38194847
BC2026_Train_0029_S22_20211211_023000_35,BC2026_Train_0029_S22_20211211_023000.ogg,35,S22,2,soundscape,3,2,3,0.5332607
BC2026_Train_0029_S22_20211211_023000_40,BC2026_Train_0029_S22_20211211_023000.ogg,40,S22,2,soundscape,3,2,3,0.46399966
BC2026_Train_0029_S22_20211211_023000_45,BC2026_Train_0029_S22_20211211_023000.ogg,45,S22,2,soundscape,3,2,3,0.32745814
BC2026_Train_0029_S22_20211211_023000_50,BC2026_Train_0029_S22_20211211_023000.ogg,50,S22,2,soundscape,3,2,3,0.25016013
BC2026_Train_0029_S22_20211211_023000_55,BC2026_Train_0029_S22_20211211_023000.ogg,55,S22,2,soundscape,3,2,3,0.39200062
BC2026_Train_0029_S22_20211211_023000_60,BC2026_Train_0029_S22_20211211_023000.ogg,60,S22,2,soundscape,3,2,3,0.4829081
BC2026_Train_0034_S22_20211222_013000_5,BC2026_Train_0034_S22_20211222_013000.ogg,5,S22,1,soundscape,3,2,3,0.8105678
BC2026_Train_0034_S22_20211222_013000_10,BC2026_Train_0034_S22_20211222_013000.ogg,10,S22,1,soundscape,3,2,3,0.7152983
BC2026_Train_0034_S22_20211222_013000_15,BC2026_Train_0034_S22_20211222_013000.ogg,15,S22,1,soundscape,3,2,3,0.888232
BC2026_Train_0034_S22_20211222_013000_20,BC2026_Train_0034_S22_20211222_013000.ogg,20,S22,1,soundscape,3,2,3,0.9205466
BC2026_Train_0034_S22_20211222_013000_25,BC2026_Train_0034_S22_20211222_013000.ogg,25,S22,1,soundscape,3,2,3,0.90947056
BC2026_Train_0034_S22_20211222_013000_30,BC2026_Train_0034_S22_20211222_013000.ogg,30,S22,1,soundscape,3,2,3,0.8961154
BC2026_Train_0034_S22_20211222_013000_35,BC2026_Train_0034_S22_20211222_013000.ogg,35,S22,1,soundscape,3,2,3,0.7720534
BC2026_Train_0034_S22_20211222_013000_40,BC2026_Train_0034_S22_20211222_013000.ogg,40,S22,1,soundscape,3,2,3,0.91941696
BC2026_Train_0034_S22_20211222_013000_45,BC2026_Train_0034_S22_20211222_013000.ogg,45,S22,1,soundscape,3,2,3,0.80238855
BC2026_Train_0034_S22_20211222_013000_50,BC2026_Train_0034_S22_20211222_013000.ogg,50,S22,1,soundscape,3,2,3,0.92337084
BC2026_Train_0034_S22_20211222_013000_55,BC2026_Train_0034_S22_20211222_013000.ogg,55,S22,1,soundscape,3,2,3,0.92850244
BC2026_Train_0034_S22_20211222_013000_60,BC2026_Train_0034_S22_20211222_013000.ogg,60,S22,1,soundscape,3,2,3,0.8195493
BC2026_Train_0039_S22_20211231_201500_5,BC2026_Train_0039_S22_20211231_201500.ogg,5,S22,20,soundscape,3,2,3,0.9843472
BC2026_Train_0039_S22_20211231_201500_10,BC2026_Train_0039_S22_20211231_201500.ogg,10,S22,20,soundscape,3,2,3,0.9888622
BC2026_Train_0039_S22_20211231_201500_15,BC2026_Train_0039_S22_20211231_201500.ogg,15,S22,20,soundscape,3,2,3,0.87850237
BC2026_Train_0039_S22_20211231_201500_20,BC2026_Train_0039_S22_20211231_201500.ogg,20,S22,20,soundscape,3,2,3,0.924791
BC2026_Train_0039_S22_20211231_201500_25,BC2026_Train_0039_S22_20211231_201500.ogg,25,S22,20,soundscape,3,2,3,0.8418377
BC2026_Train_0039_S22_20211231_201500_30,BC2026_Train_0039_S22_20211231_201500.ogg,30,S22,20,soundscape,3,2,3,0.93413115
BC2026_Train_0039_S22_20211231_201500_35,BC2026_Train_0039_S22_20211231_201500.ogg,35,S22,20,soundscape,3,2,3,0.9488953
BC2026_Train_0039_S22_20211231_201500_40,BC2026_Train_0039_S22_20211231_201500.ogg,40,S22,20,soundscape,3,2,3,0.9711638
BC2026_Train_0039_S22_20211231_201500_45,BC2026_Train_0039_S22_20211231_201500.ogg,45,S22,20,soundscape,3,2,3,0.9827937
BC2026_Train_0039_S22_20211231_201500_50,BC2026_Train_0039_S22_20211231_201500.ogg,50,S22,20,soundscape,3,2,3,0.966654
BC2026_Train_0039_S22_20211231_201500_55,BC2026_Train_0039_S22_20211231_201500.ogg,55,S22,20,soundscape,3,2,3,0.89285684
BC2026_Train_0039_S22_20211231_201500_60,BC2026_Train_0039_S22_20211231_201500.ogg,60,S22,20,soundscape,3,2,3,0.915117
BC2026_Train_0044_S22_20220124_023000_5,BC2026_Train_0044_S22_20220124_023000.ogg,5,S22,2,soundscape,3,2,3,0.72081137
BC2026_Train_0044_S22_20220124_023000_10,BC2026_Train_0044_S22_20220124_023000.ogg,10,S22,2,soundscape,3,2,3,0.62363964
BC2026_Train_0044_S22_20220124_023000_15,BC2026_Train_0044_S22_20220124_023000.ogg,15,S22,2,soundscape,3,2,3,0.7491842
BC2026_Train_0044_S22_20220124_023000_20,BC2026_Train_0044_S22_20220124_023000.ogg,20,S22,2,soundscape,3,2,3,0.6326991
BC2026_Train_0044_S22_20220124_023000_25,BC2026_Train_0044_S22_20220124_023000.ogg,25,S22,2,soundscape,3,2,3,0.714652
BC2026_Train_0044_S22_20220124_023000_30,BC2026_Train_0044_S22_20220124_023000.ogg,30,S22,2,soundscape,3,2,3,0.75871354
BC2026_Train_0044_S22_20220124_023000_35,BC2026_Train_0044_S22_20220124_023000.ogg,35,S22,2,soundscape,3,2,3,0.6389646
BC2026_Train_0044_S22_20220124_023000_40,BC2026_Train_0044_S22_20220124_023000.ogg,40,S22,2,soundscape,3,2,3,0.7825397
BC2026_Train_0044_S22_20220124_023000_45,BC2026_Train_0044_S22_20220124_023000.ogg,45,S22,2,soundscape,3,2,3,0.80649877
BC2026_Train_0044_S22_20220124_023000_50,BC2026_Train_0044_S22_20220124_023000.ogg,50,S22,2,soundscape,3,2,3,0.80558336
BC2026_Train_0044_S22_20220124_023000_55,BC2026_Train_0044_S22_20220124_023000.ogg,55,S22,2,soundscape,3,2,3,0.7607375
BC2026_Train_0044_S22_20220124_023000_60,BC2026_Train_0044_S22_20220124_023000.ogg,60,S22,2,soundscape,3,2,3,0.7883101
BC2026_Train_0049_S22_20220203_221500_5,BC2026_Train_0049_S22_20220203_221500.ogg,5,S22,22,soundscape,3,2,3,0.991618
BC2026_Train_0049_S22_20220203_221500_10,BC2026_Train_0049_S22_20220203_221500.ogg,10,S22,22,soundscape,3,2,3,0.9941334
BC2026_Train_0049_S22_20220203_221500_15,BC2026_Train_0049_S22_20220203_221500.ogg,15,S22,22,soundscape,3,2,3,0.9939422
BC2026_Train_0049_S22_20220203_221500_20,BC2026_Train_0049_S22_20220203_221500.ogg,20,S22,22,soundscape,3,2,3,0.9948738
BC2026_Train_0049_S22_20220203_221500_25,BC2026_Train_0049_S22_20220203_221500.ogg,25,S22,22,soundscape,3,2,3,0.9878164
BC2026_Train_0049_S22_20220203_221500_30,BC2026_Train_0049_S22_20220203_221500.ogg,30,S22,22,soundscape,3,2,3,0.994132
BC2026_Train_0049_S22_20220203_221500_35,BC2026_Train_0049_S22_20220203_221500.ogg,35,S22,22,soundscape,3,2,3,0.99482876
BC2026_Train_0049_S22_20220203_221500_40,BC2026_Train_0049_S22_20220203_221500.ogg,40,S22,22,soundscape,3,2,3,0.9901444
BC2026_Train_0049_S22_20220203_221500_45,BC2026_Train_0049_S22_20220203_221500.ogg,45,S22,22,soundscape,3,2,3,0.99616313
BC2026_Train_0049_S22_20220203_221500_50,BC2026_Train_0049_S22_20220203_221500.ogg,50,S22,22,soundscape,3,2,3,0.9941949
BC2026_Train_0049_S22_20220203_221500_55,BC2026_Train_0049_S22_20220203_221500.ogg,55,S22,22,soundscape,3,2,3,0.9947754
BC2026_Train_0049_S22_20220203_221500_60,BC2026_Train_0049_S22_20220203_221500.ogg,60,S22,22,soundscape,3,2,3,0.99419904
BC2026_Train_0054_S22_20220214_034500_5,BC2026_Train_0054_S22_20220214_034500.ogg,5,S22,3,soundscape,3,2,3,0.57852906
BC2026_Train_0054_S22_20220214_034500_10,BC2026_Train_0054_S22_20220214_034500.ogg,10,S22,3,soundscape,3,2,3,0.67297626
BC2026_Train_0054_S22_20220214_034500_15,BC2026_Train_0054_S22_20220214_034500.ogg,15,S22,3,soundscape,3,2,3,0.6608755
BC2026_Train_0054_S22_20220214_034500_20,BC2026_Train_0054_S22_20220214_034500.ogg,20,S22,3,soundscape,3,2,3,0.6554435
BC2026_Train_0054_S22_20220214_034500_25,BC2026_Train_0054_S22_20220214_034500.ogg,25,S22,3,soundscape,3,2,3,0.6840392
BC2026_Train_0054_S22_20220214_034500_30,BC2026_Train_0054_S22_20220214_034500.ogg,30,S22,3,soundscape,3,2,3,0.70339996
BC2026_Train_0054_S22_20220214_034500_35,BC2026_Train_0054_S22_20220214_034500.ogg,35,S22,3,soundscape,3,2,3,0.7154518
BC2026_Train_0054_S22_20220214_034500_40,BC2026_Train_0054_S22_20220214_034500.ogg,40,S22,3,soundscape,3,2,3,0.70765644
BC2026_Train_0054_S22_20220214_034500_45,BC2026_Train_0054_S22_20220214_034500.ogg,45,S22,3,soundscape,3,2,3,0.66297615
BC2026_Train_0054_S22_20220214_034500_50,BC2026_Train_0054_S22_20220214_034500.ogg,50,S22,3,soundscape,3,2,3,0.7723142
BC2026_Train_0054_S22_20220214_034500_55,BC2026_Train_0054_S22_20220214_034500.ogg,55,S22,3,soundscape,3,2,3,0.74844384
BC2026_Train_0054_S22_20220214_034500_60,BC2026_Train_0054_S22_20220214_034500.ogg,60,S22,3,soundscape,3,2,3,0.67957807
BC2026_Train_0059_S15_20250617_060200_5,BC2026_Train_0059_S15_20250617_060200.ogg,5,S15,6,soundscape,3,2,3,0.99016446
BC2026_Train_0059_S15_20250617_060200_10,BC2026_Train_0059_S15_20250617_060200.ogg,10,S15,6,soundscape,3,2,3,0.994655
BC2026_Train_0059_S15_20250617_060200_15,BC2026_Train_0059_S15_20250617_060200.ogg,15,S15,6,soundscape,3,2,3,0.9591171
BC2026_Train_0059_S15_20250617_060200_20,BC2026_Train_0059_S15_20250617_060200.ogg,20,S15,6,soundscape,3,2,3,0.99149793
BC2026_Train_0059_S15_20250617_060200_25,BC2026_Train_0059_S15_20250617_060200.ogg,25,S15,6,soundscape,3,2,3,0.99362
BC2026_Train_0059_S15_20250617_060200_30,BC2026_Train_0059_S15_20250617_060200.ogg,30,S15,6,soundscape,3,2,3,0.9894063
BC2026_Train_0059_S15_20250617_060200_35,BC2026_Train_0059_S15_20250617_060200.ogg,35,S15,6,soundscape,3,2,3,0.99408543
BC2026_Train_0059_S15_20250617_060200_40,BC2026_Train_0059_S15_20250617_060200.ogg,40,S15,6,soundscape,3,2,3,0.9866741
BC2026_Train_0059_S15_20250617_060200_45,BC2026_Train_0059_S15_20250617_060200.ogg,45,S15,6,soundscape,3,2,3,0.9908048
BC2026_Train_0059_S15_20250617_060200_50,BC2026_Train_0059_S15_20250617_060200.ogg,50,S15,6,soundscape,3,2,3,0.9963236
BC2026_Train_0059_S15_20250617_060200_55,BC2026_Train_0059_S15_20250617_060200.ogg,55,S15,6,soundscape,3,2,3,0.9670036
BC2026_Train_0059_S15_20250617_060200_60,BC2026_Train_0059_S15_20250617_060200.ogg,60,S15,6,soundscape,3,2,3,0.9864833
BC2026_Train_0064_S23_20241124_032002_5,BC2026_Train_0064_S23_20241124_032002.ogg,5,S23,3,soundscape,3,2,3,0.2290522
BC2026_Train_0064_S23_20241124_032002_10,BC2026_Train_0064_S23_20241124_032002.ogg,10,S23,3,soundscape,3,2,3,0.20862634
BC2026_Train_0064_S23_20241124_032002_15,BC2026_Train_0064_S23_20241124_032002.ogg,15,S23,3,soundscape,3,2,3,0.19388518
BC2026_Train_0064_S23_20241124_032002_20,BC2026_Train_0064_S23_20241124_032002.ogg,20,S23,3,soundscape,3,2,3,0.18781261
BC2026_Train_0064_S23_20241124_032002_25,BC2026_Train_0064_S23_20241124_032002.ogg,25,S23,3,soundscape,3,2,3,0.15093035
BC2026_Train_0064_S23_20241124_032002_30,BC2026_Train_0064_S23_20241124_032002.ogg,30,S23,3,soundscape,3,2,3,0.21136221
BC2026_Train_0064_S23_20241124_032002_35,BC2026_Train_0064_S23_20241124_032002.ogg,35,S23,3,soundscape,3,2,3,0.16076072
BC2026_Train_0064_S23_20241124_032002_40,BC2026_Train_0064_S23_20241124_032002.ogg,40,S23,3,soundscape,3,2,3,0.14590359
BC2026_Train_0064_S23_20241124_032002_45,BC2026_Train_0064_S23_20241124_032002.ogg,45,S23,3,soundscape,3,2,3,0.21582174
BC2026_Train_0064_S23_20241124_032002_50,BC2026_Train_0064_S23_20241124_032002.ogg,50,S23,3,soundscape,3,2,3,0.23622192
BC2026_Train_0064_S23_20241124_032002_55,BC2026_Train_0064_S23_20241124_032002.ogg,55,S23,3,soundscape,3,2,3,0.13784346
BC2026_Train_0064_S23_20241124_032002_60,BC2026_Train_0064_S23_20241124_032002.ogg,60,S23,3,soundscape,3,2,3,0.08750856
